{"Mosaics": {"_type": "images/separated", "width": 1280, "height": 1280, "format": "jpg", "count": 10, "filenames": ["media/images/Mosaics_0_9e00cff176cbb48d8298.jpg", "media/images/Mosaics_0_fce3f2e52ddabb2ab543.jpg", "media/images/Mosaics_0_1691f023c5aaa560e98f.jpg", "media/images/Mosaics_0_929e30c62d1b8eabaab4.jpg", "media/images/Mosaics_0_e3326b60909b33fefb38.jpg", "media/images/Mosaics_0_75449a5acede7f8c2139.jpg", "media/images/Mosaics_0_1faa748b364d3416cb89.jpg", "media/images/Mosaics_0_fd3830b35993499ce45c.jpg", "media/images/Mosaics_0_be26feb5d62f7c574837.jpg", "media/images/Mosaics_0_6b1bafdfc21b6f34a7d9.jpg"], "captions": ["train_batch9.jpg", "train_batch6.jpg", "train_batch3.jpg", "train_batch2.jpg", "train_batch1.jpg", "train_batch0.jpg", "train_batch8.jpg", "train_batch7.jpg", "train_batch4.jpg", "train_batch5.jpg"]}, "train/box_loss": 0.027716584503650665, "train/obj_loss": 0.004836925305426121, "train/cls_loss": 0.00025466212537139654, "metrics/precision": 0.7362741024035581, "metrics/recall": 0.7594624796501018, "metrics/mAP_0.5": 0.7768164897769616, "metrics/mAP_0.5:0.95": 0.3286963462256663, "val/box_loss": 0.05590835213661194, "val/obj_loss": 0.014391022734344006, "val/cls_loss": 0.003154868958517909, "x/lr0": 0.0010009869243631953, "x/lr1": 0.0010009869243631953, "x/lr2": 0.0010009869243631953, "_timestamp": 1659298952, "_runtime": 25773, "_step": 300, "Bounding Box Debugger/Images": {"_type": "images/separated", "width": 800, "height": 608, "format": "png", "count": 16, "filenames": ["media/images/Bounding Box Debugger/Images_299_b2c6a351bad6101632aa.png", "media/images/Bounding Box Debugger/Images_299_320019bf07157aa6b2b1.png", "media/images/Bounding Box Debugger/Images_299_caf80d5a694423d67057.png", "media/images/Bounding Box Debugger/Images_299_fd52cc92111f6f61a8ac.png", "media/images/Bounding Box Debugger/Images_299_546ea986ac86f0350a43.png", "media/images/Bounding Box Debugger/Images_299_34c93034642fa3982582.png", "media/images/Bounding Box Debugger/Images_299_35cab8175ccf804afa83.png", "media/images/Bounding Box Debugger/Images_299_6bf1648fdf4f80766d9b.png", "media/images/Bounding Box Debugger/Images_299_700260605954e8b03fde.png", "media/images/Bounding Box Debugger/Images_299_11be783d08965b1bd9dc.png", "media/images/Bounding Box Debugger/Images_299_0d43ca59d4b8f47c1226.png", "media/images/Bounding Box Debugger/Images_299_37a25971502dc5eacbe2.png", "media/images/Bounding Box Debugger/Images_299_0df490ac044f8e73188f.png", "media/images/Bounding Box Debugger/Images_299_d2dc6f55d6d1e03167f7.png", "media/images/Bounding Box Debugger/Images_299_cf7e62d472f79297f2b0.png", "media/images/Bounding Box Debugger/Images_299_efc5ccd89b41c06126f9.png"], "captions": ["1000.bmp", "382.bmp", "398.bmp", "40.bmp", "416.bmp", "438.bmp", "457.bmp", "46.bmp", "464.bmp", "469.bmp", "471.bmp", "481.bmp", "487.bmp", "489.bmp", "490.bmp", "495.bmp"], "all_boxes": [{"predictions": {"_type": "boxes2D", "sha256": "fe5fb39197153054eaaeb7774c8b1d211510fbc487991604661a9ac9d977c01e", "size": 7093, "path": "media/metadata/boxes2D/Bounding Box Debugger/Images_299_fe5fb39197153054eaae.boxes2D.json"}}, {"predictions": {"_type": "boxes2D", "sha256": "25ed7da2f5f5e55e03e92c531295e092963662122f12b07f1daeb09869ca8938", "size": 4310, "path": "media/metadata/boxes2D/Bounding Box Debugger/Images_299_25ed7da2f5f5e55e03e9.boxes2D.json"}}, {"predictions": {"_type": "boxes2D", "sha256": "e70128e310493afdaf52e10317ecc0ed5995e116a404d258e05d36343839c7f3", "size": 1928, "path": "media/metadata/boxes2D/Bounding Box Debugger/Images_299_e70128e310493afdaf52.boxes2D.json"}}, {"predictions": {"_type": "boxes2D", "sha256": "c0a9d2f7c6f8a8f5e9a542865817573b43c0cff2059b947ffd1b56b51a04e070", "size": 13377, "path": "media/metadata/boxes2D/Bounding Box Debugger/Images_299_c0a9d2f7c6f8a8f5e9a5.boxes2D.json"}}, {"predictions": {"_type": "boxes2D", "sha256": "ed5a17843575dfaba54964077960bd49f34035b76cde3890cf8da67912d6e6e1", "size": 2284, "path": "media/metadata/boxes2D/Bounding Box Debugger/Images_299_ed5a17843575dfaba549.boxes2D.json"}}, {"predictions": {"_type": "boxes2D", "sha256": "eecd4821aca6b4fe4dec7d8d3f0162f83de8c9f9ffddc8844377ca150dd00919", "size": 4896, "path": "media/metadata/boxes2D/Bounding Box Debugger/Images_299_eecd4821aca6b4fe4dec.boxes2D.json"}}, {"predictions": {"_type": "boxes2D", "sha256": "e8987461e6a713e8806bc84aeb2500890a8e05e7f15b8e2d3769cf28fc104774", "size": 1721, "path": "media/metadata/boxes2D/Bounding Box Debugger/Images_299_e8987461e6a713e8806b.boxes2D.json"}}, {"predictions": {"_type": "boxes2D", "sha256": "1ec79113fc7f94329fa8f39883a438d1af6748f48a5bbbb275df7c50cb81df69", "size": 11536, "path": "media/metadata/boxes2D/Bounding Box Debugger/Images_299_1ec79113fc7f94329fa8.boxes2D.json"}}, {"predictions": {"_type": "boxes2D", "sha256": "586ca1ef90b7d2d6322d9ae78afd84149107bbdcd487fe1f9cfaa3b2dad911db", "size": 3902, "path": "media/metadata/boxes2D/Bounding Box Debugger/Images_299_586ca1ef90b7d2d6322d.boxes2D.json"}}, {"predictions": {"_type": "boxes2D", "sha256": "b14cb3dc03102d5437578653f857fe23710b3314805c4db70ba846848400b0eb", "size": 2952, "path": "media/metadata/boxes2D/Bounding Box Debugger/Images_299_b14cb3dc03102d543757.boxes2D.json"}}, {"predictions": {"_type": "boxes2D", "sha256": "16d03539cb6c5cd914817ad1d12511aee96089adf37fe919f555b822abfb3af0", "size": 3037, "path": "media/metadata/boxes2D/Bounding Box Debugger/Images_299_16d03539cb6c5cd91481.boxes2D.json"}}, {"predictions": {"_type": "boxes2D", "sha256": "e787e3307f377b1a8b3733cdb60e5c0e7d6aea540c102cf66306d6c1cd983007", "size": 1911, "path": "media/metadata/boxes2D/Bounding Box Debugger/Images_299_e787e3307f377b1a8b37.boxes2D.json"}}, {"predictions": {"_type": "boxes2D", "sha256": "513c77c0446e3cf61bb6b3c68ccc66aa04e6dd7c0bfc10eea48e20f600acc8bb", "size": 3906, "path": "media/metadata/boxes2D/Bounding Box Debugger/Images_299_513c77c0446e3cf61bb6.boxes2D.json"}}, {"predictions": {"_type": "boxes2D", "sha256": "df58b47ba0680b1ada4d5c215dc192fa4b802b9b61877f9babd4cce180bea362", "size": 1711, "path": "media/metadata/boxes2D/Bounding Box Debugger/Images_299_df58b47ba0680b1ada4d.boxes2D.json"}}, {"predictions": {"_type": "boxes2D", "sha256": "1b650e8468b146fae4e70420221354a66f7dd868a0d0a8b2968bb75fa9c75e26", "size": 1665, "path": "media/metadata/boxes2D/Bounding Box Debugger/Images_299_1b650e8468b146fae4e7.boxes2D.json"}}, {"predictions": {"_type": "boxes2D", "sha256": "2414792df2b71cdd5b95b317a9597a73f7c3a72fa0e5ae1d8a5329353616ab41", "size": 3120, "path": "media/metadata/boxes2D/Bounding Box Debugger/Images_299_2414792df2b71cdd5b95.boxes2D.json"}}]}, "Validation": {"_type": "images/separated", "width": 1280, "height": 974, "format": "jpg", "count": 6, "filenames": ["media/images/Validation_299_2d7a0cd3c8d4823bd59e.jpg", "media/images/Validation_299_9822ef34d1341acd1f73.jpg", "media/images/Validation_299_e5ae5eb092decdf16f52.jpg", "media/images/Validation_299_16358dadb04cbc342eb1.jpg", "media/images/Validation_299_b479e3edcdd33da0ba63.jpg", "media/images/Validation_299_8ff0fb25de2493f6abea.jpg"], "captions": ["test_batch0_labels.jpg", "test_batch0_pred.jpg", "test_batch1_labels.jpg", "test_batch1_pred.jpg", "test_batch2_labels.jpg", "test_batch2_pred.jpg"]}, "Results": {"_type": "images/separated", "width": 2400, "height": 1200, "format": "png", "count": 6, "filenames": ["media/images/Results_300_ccfa7c0dacc5fa99e70b.png", "media/images/Results_300_d1cae0b011ccc49cb4fd.png", "media/images/Results_300_5a4e72f310b2699ae4c9.png", "media/images/Results_300_fc5bb8077709a296073c.png", "media/images/Results_300_73660a20d23ab9a6907f.png", "media/images/Results_300_6ea5ddc3379985b1ac73.png"], "captions": ["results.png", "confusion_matrix.png", "F1_curve.png", "PR_curve.png", "P_curve.png", "R_curve.png"]}, "_wandb": {"runtime": 25771}}