{"Mosaics": {"_type": "images/separated", "width": 1280, "height": 1280, "format": "jpg", "count": 10, "filenames": ["media/images/Mosaics_0_129822c052d414b88ae3.jpg", "media/images/Mosaics_0_cc643b632450b3b86df5.jpg", "media/images/Mosaics_0_f3d5c9fe3548a000c94a.jpg", "media/images/Mosaics_0_88727b4f7adc1018d446.jpg", "media/images/Mosaics_0_d54d51ff96fe42082975.jpg", "media/images/Mosaics_0_4abbdb13f7b5a29caed8.jpg", "media/images/Mosaics_0_d34d3f0e90667e1ca426.jpg", "media/images/Mosaics_0_1cbcd6c88536b165154e.jpg", "media/images/Mosaics_0_da5a092378f386e5c677.jpg", "media/images/Mosaics_0_7e332bf2de267487d133.jpg"], "captions": ["train_batch9.jpg", "train_batch6.jpg", "train_batch3.jpg", "train_batch2.jpg", "train_batch1.jpg", "train_batch0.jpg", "train_batch8.jpg", "train_batch7.jpg", "train_batch4.jpg", "train_batch5.jpg"]}, "train/box_loss": 0.07972755283117294, "train/obj_loss": 0.46101146936416626, "train/cls_loss": 0.030403411015868187, "metrics/precision": 0.00018717096182960163, "metrics/recall": 0.059991753710830126, "metrics/mAP_0.5": 4.4665762594054046e-05, "metrics/mAP_0.5:0.95": 5.597826896539097e-06, "val/box_loss": 0.11124496161937714, "val/obj_loss": 0.017863953486084938, "val/cls_loss": 0.031085003167390823, "x/lr0": 0.0018700000000000001, "x/lr1": 0.0018700000000000001, "x/lr2": 0.08317000000000001, "_timestamp": 1659272000, "_runtime": 99, "_step": 0}